{
  "status_code": 200,
  "message": "Success",
  "data": [
    {
      "id": "1",
      "question": "What is the expression of the person in the picture?",
      "level": "1",
      "answer": "Angry",
      "option1": "Disgust",
      "option2": "Happy",
      "option3": "Neutral",
      "image_name": "angry10.jpg"
    },
    {
      "id": "2",
      "question": "What is the expression of the person in the picture?",
      "level": "2",
      "answer": "Angry",
      "option1": "Surprise",
      "option2": "Fear",
      "option3": "Sad",
      "image_name": "angry1.jpeg"
    },
    {
      "id": "3",
      "question": "What is the expression of the person in the picture?",
      "level": "1",
      "answer": "Angry",
      "option1": "Fear",
      "option2": "Disgust",
      "option3": "Happy",
      "image_name": "angry2.jpg"
    },
    {
      "id": "4",
      "question": "What is the expression of the person in the picture?",
      "level": "2",
      "answer": "Angry",
      "option1": "Fear",
      "option2": "Neutral",
      "option3": "Sad",
      "image_name": "angry3.jpg"
    },
    {
      "id": "5",
      "question": "What is the expression of the person in the picture?",
      "level": "3",
      "answer": "Angry",
      "option1": "Surprise",
      "option2": "Sad",
      "option3": "Disgust",
      "image_name": "angry4.jpg"
    },
    {
      "id": "6",
      "question": "What is the expression of the person in the picture?",
      "level": "1",
      "answer": "Angry",
      "option1": "Surprise",
      "option2": "Disgust",
      "option3": "Happy",
      "image_name": "angry5.jpg"
    },
    {
      "id": "7",
      "question": "What is the expression of the person in the picture?",
      "level": "2",
      "answer": "Angry",
      "option1": "Surprise",
      "option2": "Sad",
      "option3": "Happy",
      "image_name": "angry6.jpeg"
    },
    {
      "id": "8",
      "question": "What is the expression of the person in the picture?",
      "level": "1",
      "answer": "Angry",
      "option1": "Fear",
      "option2": "Happy",
      "option3": "Sad",
      "image_name": "angry7.jpg"
    },
    {
      "id": "9",
      "question": "What is the expression of the person in the picture?",
      "level": "3",
      "answer": "Angry",
      "option1": "Sad",
      "option2": "Disgust",
      "option3": "Fear",
      "image_name": "angry8.jpeg"
    },
    {
      "id": "10",
      "question": "What is the expression of the person in the picture?",
      "level": "2",
      "answer": "Angry",
      "option1": "Neutral",
      "option2": "Disgust",
      "option3": "Sad",
      "image_name": "angry9.jpg"
    },
    {
      "id": "11",
      "question": "What is the expression of the person in the picture?",
      "level": "1",
      "answer": "Disgust",
      "option1": "Angry",
      "option2": "Surprise",
      "option3": "Fear",
      "image_name": "disgust1.jpg"
    },
    {
      "id": "12",
      "question": "What is the expression of the person in the picture?",
      "level": "1",
      "answer": "Disgust",
      "option1": "Fear",
      "option2": "Neutral",
      "option3": "Sad",
      "image_name": "disgust2.jpeg"
    },
    {
      "id": "13",
      "question": "What is the expression of the person in the picture?",
      "level": "2",
      "answer": "Disgust",
      "option1": "Neutral",
      "option2": "Surprise",
      "option3": "Happy",
      "image_name": "disgust3.jpg"
    },
    {
      "id": "14",
      "question": "What is the expression of the person in the picture?",
      "level": "1",
      "answer": "Disgust",
      "option1": "Neutral",
      "option2": "Sad",
      "option3": "Surprise",
      "image_name": "disgust4.jpg"
    },
    {
      "id": "15",
      "question": "What is the expression of the person in the picture?",
      "level": "1",
      "answer": "Disgust",
      "option1": "Angry",
      "option2": "Neutral",
      "option3": "Fear",
      "image_name": "disgust5.jpg"
    },
    {
      "id": "16",
      "question": "What is the expression of the person in the picture?",
      "level": "2",
      "answer": "Disgust",
      "option1": "Sad",
      "option2": "Angry",
      "option3": "Happy",
      "image_name": "disgust6.jpg"
    },
    {
      "id": "17",
      "question": "What is the expression of the person in the picture?",
      "level": "3",
      "answer": "Disgust",
      "option1": "Fear",
      "option2": "Surprise",
      "option3": "Neutral",
      "image_name": "disgust7.jpg"
    },
    {
      "id": "18",
      "question": "What is the expression of the person in the picture?",
      "level": "2",
      "answer": "Disgust",
      "option1": "Surprise",
      "option2": "Fear",
      "option3": "Sad",
      "image_name": "disgust8.jpg"
    },
    {
      "id": "19",
      "question": "What is the expression of the person in the picture?",
      "level": "2",
      "answer": "Disgust",
      "option1": "neutral",
      "option2": "Angry",
      "option3": "Disgust",
      "image_name": "disgust9.jpg"
    },
    {
      "id": "20",
      "question": "What is the expression of the person in the picture?",
      "level": "2",
      "answer": "Disgust",
      "option1": "fear",
      "option2": "surprise",
      "option3": "Sad",
      "image_name": "disgust10.jpg"
    },
    {
      "id": "21",
      "question": "What is the expression of the person in the picture?",
      "level": "2",
      "answer": "Fear",
      "option1": "Happy",
      "option2": "Sad",
      "option3": "Angry",
      "image_name": "fear1.jpg"
    },
    {
      "id": "22",
      "question": "What is the expression of the person in the picture?",
      "level": "1",
      "answer": "Fear",
      "option1": "Surprise",
      "option2": "Disgust",
      "option3": "Neutral",
      "image_name": "fear2.jpg"
    },
    {
      "id": "23",
      "question": "What is the expression of the person in the picture?",
      "level": "1",
      "answer": "Fear",
      "option1": "Happy",
      "option2": "Sad",
      "option3": "Disgust",
      "image_name": "fear3.jpeg"
    },
    {
      "id": "24",
      "question": "What is the expression of the person in the picture?",
      "level": "3",
      "answer": "Fear",
      "option1": "Neutral",
      "option2": "Disgust",
      "option3": "Happy",
      "image_name": "fear4.jpg"
    },
    {
      "id": "25",
      "question": "What is the expression of the person in the picture?",
      "level": "1",
      "answer": "Fear",
      "option1": "Angry",
      "option2": "Disgust",
      "option3": "Neutral",
      "image_name": "fear5.jpeg"
    },
    {
      "id": "26",
      "question": "What is the expression of the person in the picture?",
      "level": "2",
      "answer": "Fear",
      "option1": "Surprise",
      "option2": "Sad",
      "option3": "Angry",
      "image_name": "fear6.png"
    },
    {
      "id": "27",
      "question": "What is the expression of the person in the picture?",
      "level": "1",
      "answer": "Fear",
      "option1": "Disgust",
      "option2": "Angry",
      "option3": "Sad",
      "image_name": "fear7.jpeg"
    },
    {
      "id": "28",
      "question": "What is the expression of the person in the picture?",
      "level": "2",
      "answer": "Fear",
      "option1": "Happy",
      "option2": "Neutral",
      "option3": "Sad",
      "image_name": "fear6.png"
    },
    {
      "id": "29",
      "question": "What is the expression of the person in the picture?",
      "level": "3",
      "answer": "Fear",
      "option1": "Sad",
      "option2": "Disgust",
      "option3": "Neutral",
      "image_name": "fear9.jpeg"
    },
    {
      "id": "30",
      "question": "What is the expression of the person in the picture?",
      "level": "1",
      "answer": "Fear",
      "option1": "Sad",
      "option2": "Happy",
      "option3": "Angry",
      "image_name": "fear10.jpg"
    },
    {
      "id": "31",
      "question": "What is the expression of the person in the picture?",
      "level": "1",
      "answer": "Happy",
      "option1": "Sad",
      "option2": "Angry",
      "option3": "Neutral",
      "image_name": "happy1.png"
    },
    {
      "id": "32",
      "question": "What is the expression of the person in the picture?",
      "level": "3",
      "answer": "Happy",
      "option1": "Surprise",
      "option2": "Disgust",
      "option3": "Fear",
      "image_name": "happy2.png"
    },
    {
      "id": "33",
      "question": "What is the expression of the person in the picture?",
      "level": "3",
      "answer": "Happy",
      "option1": "Fear",
      "option2": "Sad",
      "option3": "Surprise",
      "image_name": "happy3.jpg"
    },
    {
      "id": "34",
      "question": "What is the expression of the person in the picture?",
      "level": "2",
      "answer": "Happy",
      "option1": "Angry",
      "option2": "Disgust",
      "option3": "Fear",
      "image_name": "happy4.jpg"
    },
    {
      "id": "35",
      "question": "What is the expression of the person in the picture?",
      "level": "1",
      "answer": "Happy",
      "option1": "Disgust",
      "option2": "Fear",
      "option3": "Sad",
      "image_name": "happy5.jpg"
    },
    {
      "id": "36",
      "question": "What is the expression of the person in the picture?",
      "level": "3",
      "answer": "Happy",
      "option1": "Neutral",
      "option2": "Surprise",
      "option3": "Disgust",
      "image_name": "happy6.jpg"
    },
    {
      "id": "37",
      "question": "What is the expression of the person in the picture?",
      "level": "1",
      "answer": "Happy",
      "option1": "Angry",
      "option2": "Neutral",
      "option3": "Surprise",
      "image_name": "happy7.jpg"
    },
    {
      "id": "38",
      "question": "What is the expression of the person in the picture?",
      "level": "1",
      "answer": "Happy",
      "option1": "Sad",
      "option2": "Fear",
      "option3": "Happy",
      "image_name": "happy8.jpg"
    },
    {
      "id": "39",
      "question": "What is the expression of the person in the picture?",
      "level": "1",
      "answer": "Happy",
      "option1": "Angry",
      "option2": "Neutral",
      "option3": "Sad",
      "image_name": "happy9.jpg"
    },
    {
      "id": "40",
      "question": "What is the expression of the person in the picture?",
      "level": "2",
      "answer": "Happy",
      "option1": "Sad",
      "option2": "Disgust",
      "option3": "Neutral",
      "image_name": "happy10.jpg"
    },
    {
      "id": "41",
      "question": "What is the expression of the person in the picture?",
      "level": "3",
      "answer": "Neutral",
      "option1": "Happy",
      "option2": "Sad",
      "option3": "Disgust",
      "image_name": "neutral1.jpg"
    },
    {
      "id": "42",
      "question": "What is the expression of the person in the picture?",
      "level": "1",
      "answer": "Neutral",
      "option1": "Sad",
      "option2": "Surprise",
      "option3": "Happy",
      "image_name": "neutral2.png"
    },
    {
      "id": "43",
      "question": "What is the expression of the person in the picture?",
      "level": "2",
      "answer": "Neutral",
      "option1": "Fear",
      "option2": "Sad",
      "option3": "Surprise",
      "image_name": "neutral3.jpg"
    },
    {
      "id": "44",
      "question": "What is the expression of the person in the picture?",
      "level": "3",
      "answer": "Neutral",
      "option1": "Surprise",
      "option2": "Sad",
      "option3": "Angry",
      "image_name": "neutral4.jpg"
    },
    {
      "id": "45",
      "question": "What is the expression of the person in the picture?",
      "level": "1",
      "answer": "Neutral",
      "option1": "Angry",
      "option2": "Sad",
      "option3": "Happy",
      "image_name": "neutral5.jpg"
    },
    {
      "id": "46",
      "question": "What is the expression of the person in the picture?",
      "level": "3",
      "answer": "Neutral",
      "option1": "Fear",
      "option2": "Angry",
      "option3": "Happy",
      "image_name": "neutral6.jpg"
    },
    {
      "id": "47",
      "question": "What is the expression of the person in the picture?",
      "level": "1",
      "answer": "Neutral",
      "option1": "Sad",
      "option2": "disgust",
      "option3": "Angry",
      "image_name": "neutral7.jpg"
    },
    {
      "id": "48",
      "question": "What is the expression of the person in the picture?",
      "level": "1",
      "answer": "Neutral",
      "option1": "Surprise",
      "option2": "Fear",
      "option3": "Disgust",
      "image_name": "neutral8.jpg"
    },
    {
      "id": "49",
      "question": "What is the expression of the person in the picture?",
      "level": "3",
      "answer": "Neutral",
      "option1": "Disgust",
      "option2": "Angry",
      "option3": "Fear",
      "image_name": "neutral9.jpg"
    },
    {
      "id": "50",
      "question": "What is the expression of the person in the picture?",
      "level": "1",
      "answer": "Neutral",
      "option1": "Happy",
      "option2": "Surprise",
      "option3": "Fear",
      "image_name": "neutral10.jpg"
    },
    {
      "id": "51",
      "question": "What is the expression of the person in the picture?",
      "level": "1",
      "answer": "Sad",
      "option1": "Fear",
      "option2": "Surprise",
      "option3": "Disgust",
      "image_name": "sad1.png"
    },
    {
      "id": "52",
      "question": "What is the expression of the person in the picture?",
      "level": "3",
      "answer": "Sad",
      "option1": "Happy",
      "option2": "Fear",
      "option3": "Angry",
      "image_name": "sad2.jpg"
    },
    {
      "id": "53",
      "question": "What is the expression of the person in the picture?",
      "level": "2",
      "answer": "Sad",
      "option1": "Angry",
      "option2": "Fear",
      "option3": "Disgust",
      "image_name": "sad3.jpg"
    },
    {
      "id": "54",
      "question": "What is the expression of the person in the picture?",
      "level": "2",
      "answer": "Sad",
      "option1": "Surprise",
      "option2": "Happy",
      "option3": "Neutal",
      "image_name": "sad4.jpg"
    },
    {
      "id": "55",
      "question": "What is the expression of the person in the picture?",
      "level": "3",
      "answer": "Sad",
      "option1": "Neutral",
      "option2": "Happy",
      "option3": "Angry",
      "image_name": "sad5.jpg"
    },
    {
      "id": "56",
      "question": "What is the expression of the person in the picture?",
      "level": "3",
      "answer": "Sad",
      "option1": "Angry",
      "option2": "Neutral",
      "option3": "Surprise",
      "image_name": "sad6.png"
    },
    {
      "id": "57",
      "question": "What is the expression of the person in the picture?",
      "level": "3",
      "answer": "Sad",
      "option1": "Disgust",
      "option2": "Surprise",
      "option3": "Neutral",
      "image_name": "sad7.png"
    },
    {
      "id": "58",
      "question": "What is the expression of the person in the picture?",
      "level": "2",
      "answer": "Sad",
      "option1": "Surprise",
      "option2": "Happy",
      "option3": "Neutral",
      "image_name": "sad8.png"
    },
    {
      "id": "59",
      "question": "What is the expression of the person in the picture?",
      "level": "2",
      "answer": "Sad",
      "option1": "Angry",
      "option2": "Happy",
      "option3": "Neutral",
      "image_name": "sad9.png"
    },
    {
      "id": "60",
      "question": "What is the expression of the person in the picture?",
      "level": "3",
      "answer": "Sad",
      "option1": "Happy",
      "option2": "Disgust",
      "option3": "Surprise",
      "image_name": "sad10.png"
    },
    {
      "id": "61",
      "question": "What is the expression of the person in the picture?",
      "level": "1",
      "answer": "Surprise",
      "option1": "Disgust",
      "option2": "Happy",
      "option3": "Angry",
      "image_name": "surprise1.jpg"
    },
    {
      "id": "62",
      "question": "What is the expression of the person in the picture?",
      "level": "3",
      "answer": "Surprise",
      "option1": "Sad",
      "option2": "Neutral",
      "option3": "Happy",
      "image_name": "surprise2.jpg"
    },
    {
      "id": "63",
      "question": "What is the expression of the person in the picture?",
      "level": "1",
      "answer": "Surprise",
      "option1": "Angry",
      "option2": "Happy",
      "option3": "Sad",
      "image_name": "surprise3.jpeg"
    },
    {
      "id": "64",
      "question": "What is the expression of the person in the picture?",
      "level": "2",
      "answer": "Surprise",
      "option1": "Disgust",
      "option2": "Neutral",
      "option3": "Sad",
      "image_name": "surprise4.jpg"
    },
    {
      "id": "65",
      "question": "What is the expression of the person in the picture?",
      "level": "1",
      "answer": "Surprise",
      "option1": "Neutral",
      "option2": "Happy",
      "option3": "Fear",
      "image_name": "surprise5.jpg"
    },
    {
      "id": "66",
      "question": "What is the expression of the person in the picture?",
      "level": "1",
      "answer": "Surprise",
      "option1": "Fear",
      "option2": "Happy",
      "option3": "Sad",
      "image_name": "surprise6.jpeg"
    },
    {
      "id": "67",
      "question": "What is the expression of the person in the picture?",
      "level": "2",
      "answer": "Surprise",
      "option1": "Disgust",
      "option2": "Fear",
      "option3": "Angry",
      "image_name": "surprise7.jpg"
    },
    {
      "id": "68",
      "question": "What is the expression of the person in the picture?",
      "level": "1",
      "answer": "Surprise",
      "option1": "Neutral",
      "option2": "Fear",
      "option3": "Sad",
      "image_name": "surprise8.jpg"
    },
    {
      "id": "69",
      "question": "What is the expression of the person in the picture?",
      "level": "3",
      "answer": "Surprise",
      "option1": "Neutral",
      "option2": "Happy",
      "option3": "Fear",
      "image_name": "surprise9.png"
    },
    {
      "id": "70",
      "question": "What is the expression of the person in the picture?",
      "level": "2",
      "answer": "Surprise",
      "option1": "Disgust",
      "option2": "Angry",
      "option3": "Fear",
      "image_name": "surprise10.jpg"
    }
  ]
}