{
  "project_info": {
    "project_number": "828853633257",
    "project_id": "emotionrecognition-b100e",
    "storage_bucket": "emotionrecognition-b100e.appspot.com"
  },
  "client": [
    {
      "client_info": {
        "mobilesdk_app_id": "1:828853633257:android:0db815a12ab48da2edb078",
        "android_client_info": {
          "package_name": "com.app.emotionrecognition"
        }
      },
      "oauth_client": [
        {
          "client_id": "828853633257-b9s2ruoskjsb2o89altmn38l4r2g2bk6.apps.googleusercontent.com",
          "client_type": 1,
          "android_info": {
            "package_name": "com.app.emotionrecognition",
            "certificate_hash": "77c8739f51e19f63bf2f17625e907e8f6f5fd6b7"
          }
        },
        {
          "client_id": "828853633257-1grhjvof4egkfuevbu40ltkf495msana.apps.googleusercontent.com",
          "client_type": 3
        }
      ],
      "api_key": [
        {
          "current_key": "AIzaSyBre2Q58gnL_knjkYcKlxi4_iWpK9lEJJo"
        }
      ],
      "services": {
        "appinvite_service": {
          "other_platform_oauth_client": [
            {
              "client_id": "828853633257-1grhjvof4egkfuevbu40ltkf495msana.apps.googleusercontent.com",
              "client_type": 3
            }
          ]
        }
      }
    }
  ],
  "configuration_version": "1"
}